id,name,gender,address,Department
1,Corabel Aikett,Female,School,Sales
2,Gertie Petyt,Female,Lerdahl,Business Development
3,Alyce Lawles,Female,Hanson,Engineering
4,Blair Wintringham,Agender,Rigney,Business Development
5,Gwenni Georgot,Female,Lakewood,Marketing
6,Jarvis Skilling,Male,Norway Maple,Engineering
7,Zack Gagin,Male,Kings,Research and Development
8,Marty Verrell,Agender,Merchant,Engineering
9,Farra McGeraghty,Female,Browning,Sales
10,Chiquia Sakins,Female,Kingsford,Training
11,Dreddy Heersma,Female,Arrowood,Accounting
12,Kary Burghill,Female,Blackbird,Training
13,Colver Shaughnessy,Male,Sunfield,Marketing
14,Blakelee Minithorpe,Polygender,Drewry,Product Management
15,Opalina Rubinovitsch,Female,North,Training
16,Ryann Trahear,Female,Packers,Sales
17,Rikki Coonihan,Male,Scoville,Marketing
18,Alon Bukowski,Male,Dovetail,Training
19,Lucienne Forsard,Female,Tennyson,Marketing
20,Bethanne Delouch,Female,Bluejay,Business Development
21,Guilbert Peirson,Male,Blue Bill Park,Support
22,Annaliese Bison,Female,Vidon,Support
23,Patty Napthine,Female,Bunting,Marketing
24,Winny Benn,Male,Briar Crest,Marketing
25,Bronson Counter,Male,Hollow Ridge,Product Management
26,Gabbie Hawson,Genderqueer,Anniversary,Legal
27,Adams Nieass,Male,Arapahoe,Legal
28,Cathryn Hambright,Female,International,Services
29,Mechelle Leghorn,Genderqueer,Grayhawk,Research and Development
30,Nicol Betham,Male,High Crossing,Accounting
31,Mollee Guinnane,Genderqueer,Kipling,Training
32,Leanor Arnet,Female,Green Ridge,Research and Development
33,Filmore Bidder,Male,Old Gate,Engineering
34,Evvy Harewood,Agender,Pond,Sales
35,Gareth Nealand,Male,Center,Services
36,Ronni Cookman,Genderfluid,Pierstorff,Engineering
37,Orren Ebbing,Male,Westend,Sales
38,Brunhilda Tuley,Female,Hoffman,Business Development
39,Reece MacMychem,Male,Lukken,Marketing
40,Mayer McNiff,Male,Talmadge,Business Development
41,Bastien Mourant,Male,High Crossing,Training
42,Rutger Tokell,Male,Novick,Product Management
43,York Gabriel,Male,Aberg,Support
44,Leonerd Ranaghan,Male,Fallview,Marketing
45,Lindsey Wildman,Male,Hanson,Business Development
46,Webb Robilart,Male,Park Meadow,Business Development
47,Marleen Hounsom,Female,Bultman,Human Resources
48,Glyn Smalcombe,Male,Lindbergh,Sales
49,Willow Vance,Female,Hooker,Legal
50,Brana Gaskin,Female,Drewry,Services
51,Cobbie Heaney`,Male,Clarendon,Support
52,Christy Tombs,Male,Bowman,Engineering
53,Yank Luetchford,Male,Fair Oaks,Accounting
54,Angel Harbidge,Male,Oneill,Support
55,Gayle Whitton,Male,Merrick,Services
56,Ellene Mattiassi,Female,Forest,Accounting
57,Caritta Dallas,Female,Glacier Hill,Product Management
58,Jobyna McRinn,Female,Hagan,Marketing
59,Garland Pee,Female,4th,Business Development
60,Esteban Pugh,Male,Namekagon,Accounting
61,Thane Jepps,Male,Cascade,Legal
62,Susanna Bastide,Female,Grasskamp,Engineering
63,Blanca Sandon,Female,Nancy,Services
64,Bliss Rosewall,Female,Hintze,Research and Development
65,Wyatan Chaize,Male,Alpine,Research and Development
66,Corly Hek,Female,Shoshone,Business Development
67,Charil Haycraft,Female,Dwight,Sales
68,Marga Faunt,Female,Annamark,Research and Development
69,Aloise Tadgell,Female,Mandrake,Support
70,Ozzy Petts,Male,Hazelcrest,Marketing
71,Elvira Raddenbury,Female,Basil,Business Development
72,Desiri Rodden,Female,Farwell,Sales
73,Elsi Voff,Non-binary,Briar Crest,Business Development
74,Fanya Demaid,Female,Lakewood,Human Resources
75,Ky Blaxill,Male,Vernon,Research and Development
76,Lauritz Crossby,Male,Lyons,Product Management
77,Angel Eginton,Male,Graedel,Product Management
78,Joshua Ricardou,Male,Bartelt,Business Development
79,Jens Skull,Male,Del Mar,Human Resources
80,Antonius Burril,Male,Dixon,Human Resources
81,Kirby Kobus,Female,Paget,Training
82,Marys Haspineall,Female,Reindahl,Training
83,Alfie Konig,Male,Monica,Services
84,Glenda Bahde,Female,Bartelt,Sales
85,Garreth Grelka,Male,Bartillon,Engineering
86,Duncan Batch,Male,Prentice,Business Development
87,Rosalynd Dizlie,Female,Farwell,Support
88,Christye Syers,Female,Gale,Product Management
89,Nomi Kear,Female,Hayes,Accounting
90,Jessica McMearty,Female,Schlimgen,Support
91,Rebecka Boreham,Female,East,Product Management
92,Moreen Bere,Female,Muir,Research and Development
93,Selia Laidler,Female,Dawn,Research and Development
94,Pansie Tissier,Female,Sachtjen,Product Management
95,Karyl Tong,Female,Blaine,Support
96,Luigi Goodlett,Male,Buhler,Services
97,Aggy Firidolfi,Female,Sullivan,Legal
98,Lowe Sponton,Male,Reindahl,Product Management
99,Saudra Salmoni,Female,Pearson,Product Management
100,Kenyon Goldby,Non-binary,Harbort,Sales
